{"cameraMode":{"drawMode":0,"name":"Shaded","section":"Shading Mode"},"sceneLighting":true,"audioPlay":false,"sceneViewState":{"m_AlwaysRefresh":false,"showFog":true,"showSkybox":true,"showFlares":true,"showImageEffects":true,"showParticleSystems":true,"showVisualEffectGraphs":true,"m_FxEnabled":true},"in2DMode":false,"pivot":{"x":-3.4205427169799806,"y":-0.4218583106994629,"z":-8.399209976196289},"rotation":{"x":-0.04771673306822777,"y":0.9494534134864807,"z":-0.17866480350494386,"w":-0.2535918354988098},"size":7.6372199058532719,"orthographic":true}